Name,Guid,Language,LatestVersion,Path
"_AccountsSettings",59d216d1-035c-4497-97b4-e3c5e9f1c06b,en,1,"C:\Work\Epi\ContentMigration\Habitat.1.4.0.682\package\items\master\sitecore\templates\Feature\Accounts\_AccountsSettings\{59D216D1-035C-4497-97B4-E3C5E9F1C06B}\en\1\xml"
"_CampaignToken",01628dcb-611f-495e-a1da-e89027ab7035,en,1,"C:\Work\Epi\ContentMigration\Habitat.1.4.0.682\package\items\master\sitecore\templates\Feature\Demo\_CampaignToken\{01628DCB-611F-495E-A1DA-E89027AB7035}\en\1\xml"
"_DemoContent",1224b40e-7b6c-42b3-a6d0-c40a6c61345c,en,1,"C:\Work\Epi\ContentMigration\Habitat.1.4.0.682\package\items\master\sitecore\templates\Feature\Demo\_DemoContent\{1224B40E-7B6C-42B3-A6D0-C40A6C61345C}\en\1\xml"
"_DynamicTeaser",20a56d46-f5e3-4db8-8b96-081575363d44,en,1,"C:\Work\Epi\ContentMigration\Habitat.1.4.0.682\package\items\master\sitecore\templates\Feature\Teasers\_DynamicTeaser\{20A56D46-F5E3-4DB8-8B96-081575363D44}\en\1\xml"
"_Employee",745652ae-3298-48b1-9be1-99012d91f3ac,en,1,"C:\Work\Epi\ContentMigration\Habitat.1.4.0.682\package\items\master\sitecore\templates\Feature\Person\_Employee\{745652AE-3298-48B1-9BE1-99012D91F3AC}\en\1\xml"
"_FAQ",9544f0b3-fd5e-4301-9dde-9e73d2c3f7ba,en,1,"C:\Work\Epi\ContentMigration\Habitat.1.4.0.682\package\items\master\sitecore\templates\Feature\FAQ\_FAQ\{9544F0B3-FD5E-4301-9DDE-9E73D2C3F7BA}\en\1\xml"
"_FAQ Group",3af7db6c-a602-4abc-8d63-19e2d2c6726b,en,1,"C:\Work\Epi\ContentMigration\Habitat.1.4.0.682\package\items\master\sitecore\templates\Feature\FAQ\_FAQ Group\{3AF7DB6C-A602-4ABC-8D63-19E2D2C6726B}\en\1\xml"
"_HasMedia",a44e450e-ba3f-4faf-9c53-c63241cc34eb,en,1,"C:\Work\Epi\ContentMigration\Habitat.1.4.0.682\package\items\master\sitecore\templates\Feature\Media\_HasMedia\{A44E450E-BA3F-4FAF-9C53-C63241CC34EB}\en\1\xml"
"_HasMediaImage",fae0c913-1600-4eba-95a9-4d6fd7407e25,en,1,"C:\Work\Epi\ContentMigration\Habitat.1.4.0.682\package\items\master\sitecore\templates\Feature\Media\_HasMediaImage\{FAE0C913-1600-4EBA-95A9-4D6FD7407E25}\en\1\xml"
"_HasMediaSelector",ae4635af-cfbf-4bf6-9b50-00be23a910c0,en,1,"C:\Work\Epi\ContentMigration\Habitat.1.4.0.682\package\items\master\sitecore\templates\Feature\Media\_HasMediaSelector\{AE4635AF-CFBF-4BF6-9B50-00BE23A910C0}\en\1\xml"
"_HasMediaVideo",5a1b724b-b396-4c48-a833-655cd19018e1,en,1,"C:\Work\Epi\ContentMigration\Habitat.1.4.0.682\package\items\master\sitecore\templates\Feature\Media\_HasMediaVideo\{5A1B724B-B396-4C48-A833-655CD19018E1}\en\1\xml"
"_HasPageContent",af74a00b-8ca7-4c9a-a5c1-156a68590ee2,en,1,"C:\Work\Epi\ContentMigration\Habitat.1.4.0.682\package\items\master\sitecore\templates\Feature\PageContent\_HasPageContent\{AF74A00B-8CA7-4C9A-A5C1-156A68590EE2}\en\1\xml"
"_HasTheme",5b6f8720-3a93-4da1-92a0-c3e85e01219a,en,1,"C:\Work\Epi\ContentMigration\Habitat.1.4.0.682\package\items\master\sitecore\templates\Foundation\Assets\_HasTheme\{5B6F8720-3A93-4DA1-92A0-C3E85E01219A}\en\1\xml"
"_Headline",c80d124b-b9ac-432e-8c26-dbf3a7f18d20,en,1,"C:\Work\Epi\ContentMigration\Habitat.1.4.0.682\package\items\master\sitecore\templates\Feature\Teasers\_Headline\{C80D124B-B9AC-432E-8C26-DBF3A7F18D20}\en\1\xml"
"_Identity",fa8de5b9-d5d8-40a7-866a-23af4f5a9629,en,1,"C:\Work\Epi\ContentMigration\Habitat.1.4.0.682\package\items\master\sitecore\templates\Feature\Identity\_Identity\{FA8DE5B9-D5D8-40A7-866A-23AF4F5A9629}\en\1\xml"
"_IndexedItem",8fd6c8b6-a9a4-4322-947e-90ce3d94916d,en,1,"C:\Work\Epi\ContentMigration\Habitat.1.4.0.682\package\items\master\sitecore\templates\Foundation\Indexing\_IndexedItem\{8FD6C8B6-A9A4-4322-947E-90CE3D94916D}\en\1\xml"
"_Interest",c9b1855e-ca80-4414-b5ba-956cb67dc5a9,en,1,"C:\Work\Epi\ContentMigration\Habitat.1.4.0.682\package\items\master\sitecore\templates\Feature\Accounts\_Interest\{C9B1855E-CA80-4414-B5BA-956CB67DC5A9}\en\1\xml"
"_Keyword",409f883a-0dc8-431a-9508-7316b59b92be,en,1,"C:\Work\Epi\ContentMigration\Habitat.1.4.0.682\package\items\master\sitecore\templates\Feature\Metadata\_Keyword\{409F883A-0DC8-431A-9508-7316B59B92BE}\en\1\xml"
"_LanguageSettings",748eba96-3f0c-4f45-8afb-de8dcc707b84,en,1,"C:\Work\Epi\ContentMigration\Habitat.1.4.0.682\package\items\master\sitecore\templates\Feature\Language\_LanguageSettings\{748EBA96-3F0C-4F45-8AFB-DE8DCC707B84}\en\1\xml"
"_Link",a16b74e9-01b8-439c-b44e-42b3fb2ee14b,en,1,"C:\Work\Epi\ContentMigration\Habitat.1.4.0.682\package\items\master\sitecore\templates\Feature\Navigation\_Link\{A16B74E9-01B8-439C-B44E-42B3FB2EE14B}\en\1\xml"
"_LinkMenuItem",18baf6b0-e0d6-4cce-9184-a4849343e7e4,en,1,"C:\Work\Epi\ContentMigration\Habitat.1.4.0.682\package\items\master\sitecore\templates\Feature\Navigation\_LinkMenuItem\{18BAF6B0-E0D6-4CCE-9184-A4849343E7E4}\en\1\xml"
"_LinkToken",359ad0b9-20b5-49e7-a430-891d6e67bc5c,en,1,"C:\Work\Epi\ContentMigration\Habitat.1.4.0.682\package\items\master\sitecore\templates\Feature\Demo\_LinkToken\{359AD0B9-20B5-49E7-A430-891D6E67BC5C}\en\1\xml"
"_LoginTeaser",ef38d9e6-313c-491c-8648-79436d10091c,en,1,"C:\Work\Epi\ContentMigration\Habitat.1.4.0.682\package\items\master\sitecore\templates\Feature\Accounts\_LoginTeaser\{EF38D9E6-313C-491C-8648-79436D10091C}\en\1\xml"
"_MailTemplate",26df8f38-7e1b-43d2-85dd-68df05fa276b,en,1,"C:\Work\Epi\ContentMigration\Habitat.1.4.0.682\package\items\master\sitecore\templates\Feature\Accounts\_MailTemplate\{26DF8F38-7E1B-43D2-85DD-68DF05FA276B}\en\1\xml"
"_MapPoint",1e6a8c8c-6646-4776-8ab4-615265669633,en,1,"C:\Work\Epi\ContentMigration\Habitat.1.4.0.682\package\items\master\sitecore\templates\Feature\Maps\_MapPoint\{1E6A8C8C-6646-4776-8AB4-615265669633}\en\1\xml"
"_MapPoints Folder",31713995-c6bf-4ccb-8807-198493508afa,en,1,"C:\Work\Epi\ContentMigration\Habitat.1.4.0.682\package\items\master\sitecore\templates\Feature\Maps\_MapPoints Folder\{31713995-C6BF-4CCB-8807-198493508AFA}\en\1\xml"
"_MapRenderingParameters",d77856c3-8a5e-452c-8854-f2965edf25e0,en,1,"C:\Work\Epi\ContentMigration\Habitat.1.4.0.682\package\items\master\sitecore\templates\Feature\Maps\_MapRenderingParameters\{D77856C3-8A5E-452C-8854-F2965EDF25E0}\en\1\xml"
"_MediaParameters",5df30dc0-e2fc-4921-b8f2-c54fac1bd03e,en,1,"C:\Work\Epi\ContentMigration\Habitat.1.4.0.682\package\items\master\sitecore\templates\Feature\Media\ParametersTemplates\_MediaParameters\{5DF30DC0-E2FC-4921-B8F2-C54FAC1BD03E}\en\1\xml"
"_MediaSiteExtension",d339e56b-6a8a-46bd-a7d3-c9725d50dd4a,en,1,"C:\Work\Epi\ContentMigration\Habitat.1.4.0.682\package\items\master\sitecore\templates\Feature\Media\_MediaSiteExtension\{D339E56B-6A8A-46BD-A7D3-C9725D50DD4A}\en\1\xml"
"_Navigable",a1cba309-d22b-46d5-80f8-2972c185363f,en,1,"C:\Work\Epi\ContentMigration\Habitat.1.4.0.682\package\items\master\sitecore\templates\Feature\Navigation\_Navigable\{A1CBA309-D22B-46D5-80F8-2972C185363F}\en\1\xml"
"_NavigationRoot",f9f4fc05-98d0-4c62-860f-f08ae7f0ee25,en,1,"C:\Work\Epi\ContentMigration\Habitat.1.4.0.682\package\items\master\sitecore\templates\Feature\Navigation\_NavigationRoot\{F9F4FC05-98D0-4C62-860F-F08AE7F0EE25}\en\1\xml"
"_NewsArticle",2f75c8af-35fc-4a88-b585-7595203f442c,en,1,"C:\Work\Epi\ContentMigration\Habitat.1.4.0.682\package\items\master\sitecore\templates\Feature\News\_NewsArticle\{2F75C8AF-35FC-4A88-B585-7595203F442C}\en\1\xml"
"_NewsFolder",74889b26-061c-4d6a-8cdb-422665fc34ec,en,1,"C:\Work\Epi\ContentMigration\Habitat.1.4.0.682\package\items\master\sitecore\templates\Feature\News\_NewsFolder\{74889B26-061C-4D6A-8CDB-422665FC34EC}\en\1\xml"
"_OpenGraph",bdd24f35-05e8-4466-8798-7d3dd6a6c991,en,1,"C:\Work\Epi\ContentMigration\Habitat.1.4.0.682\package\items\master\sitecore\templates\Feature\Social\_OpenGraph\{BDD24F35-05E8-4466-8798-7D3DD6A6C991}\en\1\xml"
"_PageAssets",91962b60-25f6-428f-8d10-02aa1e49d6a5,en,1,"C:\Work\Epi\ContentMigration\Habitat.1.4.0.682\package\items\master\sitecore\templates\Foundation\Assets\_PageAssets\{91962B60-25F6-428F-8D10-02AA1E49D6A5}\en\1\xml"
"_PagedSearchResultsParameters",d1d3e60f-e571-48d2-84cf-b053ee660c13,en,1,"C:\Work\Epi\ContentMigration\Habitat.1.4.0.682\package\items\master\sitecore\templates\Feature\Search\_PagedSearchResultsParameters\{D1D3E60F-E571-48D2-84CF-B053EE660C13}\en\1\xml"
"_PageMetadata",d88ccd80-d851-470d-af11-701ff23504e7,en,1,"C:\Work\Epi\ContentMigration\Habitat.1.4.0.682\package\items\master\sitecore\templates\Feature\Metadata\_PageMetadata\{D88CCD80-D851-470D-AF11-701FF23504E7}\en\1\xml"
"_Person",7aca6ecf-1a80-4e35-97f5-dbaa8e3ec617,en,1,"C:\Work\Epi\ContentMigration\Habitat.1.4.0.682\package\items\master\sitecore\templates\Feature\Person\_Person\{7ACA6ECF-1A80-4E35-97F5-DBAA8E3EC617}\en\1\xml"
"_ProfileSettings",2d9aa1e4-3359-4f02-9eaa-5cf972fd990d,en,1,"C:\Work\Epi\ContentMigration\Habitat.1.4.0.682\package\items\master\sitecore\templates\Feature\Accounts\_ProfileSettings\{2D9AA1E4-3359-4F02-9EAA-5CF972FD990D}\en\1\xml"
"_ProfilingSettings",c6d4ddd5-b912-4c1a-a3a3-e1d90e4d0939,en,1,"C:\Work\Epi\ContentMigration\Habitat.1.4.0.682\package\items\master\sitecore\templates\Feature\Demo\_ProfilingSettings\{C6D4DDD5-B912-4C1A-A3A3-E1D90E4D0939}\en\1\xml"
"_Quote",755f1188-d385-4717-8681-ef45f2258575,en,1,"C:\Work\Epi\ContentMigration\Habitat.1.4.0.682\package\items\master\sitecore\templates\Feature\Person\_Quote\{755F1188-D385-4717-8681-EF45F2258575}\en\1\xml"
"_RenderingAssets",7ceac341-b953-4c69-b907-ee44302bf6ae,en,1,"C:\Work\Epi\ContentMigration\Habitat.1.4.0.682\package\items\master\sitecore\templates\Foundation\Assets\_RenderingAssets\{7CEAC341-B953-4C69-B907-EE44302BF6AE}\en\1\xml"
"_SearchContext",b524e8be-a099-4a63-be3f-dd4c42fd4185,en,1,"C:\Work\Epi\ContentMigration\Habitat.1.4.0.682\package\items\master\sitecore\templates\Feature\Search\_SearchContext\{B524E8BE-A099-4A63-BE3F-DD4C42FD4185}\en\1\xml"
"_SearchResults",14e452ca-064d-48a8-9ff2-2744d10437a1,en,1,"C:\Work\Epi\ContentMigration\Habitat.1.4.0.682\package\items\master\sitecore\templates\Feature\Search\_SearchResults\{14E452CA-064D-48A8-9FF2-2744D10437A1}\en\1\xml"
"_Site",bb85c5c2-9f87-48ce-8012-af67cf4f765d,en,1,"C:\Work\Epi\ContentMigration\Habitat.1.4.0.682\package\items\master\sitecore\templates\Foundation\Multisite\_Site\{BB85C5C2-9F87-48CE-8012-AF67CF4F765D}\en\1\xml"
"_SiteConfiguration",0fccfe4f-b087-498f-bd26-5cdffc522c9a,en,1,"C:\Work\Epi\ContentMigration\Habitat.1.4.0.682\package\items\master\sitecore\templates\Feature\Multisite\_SiteConfiguration\{0FCCFE4F-B087-498F-BD26-5CDFFC522C9A}\en\1\xml"
"_SiteMetadata",cf38e914-9298-47cc-9205-210553e79f97,en,1,"C:\Work\Epi\ContentMigration\Habitat.1.4.0.682\package\items\master\sitecore\templates\Feature\Metadata\_SiteMetadata\{CF38E914-9298-47CC-9205-210553E79F97}\en\1\xml"
"_SiteSettings",bccfebea-dccb-48fe-9570-6503829ec03f,en,1,"C:\Work\Epi\ContentMigration\Habitat.1.4.0.682\package\items\master\sitecore\templates\Foundation\Multisite\_SiteSettings\{BCCFEBEA-DCCB-48FE-9570-6503829EC03F}\en\1\xml"
"_TeaserContent",fec0e62a-01fd-40e5-88f3-e5229fe79527,en,1,"C:\Work\Epi\ContentMigration\Habitat.1.4.0.682\package\items\master\sitecore\templates\Feature\Teasers\_TeaserContent\{FEC0E62A-01FD-40E5-88F3-E5229FE79527}\en\1\xml"
"_TeasersParameters",20748d57-4ef6-49a8-b7e6-13818795e3b5,en,1,"C:\Work\Epi\ContentMigration\Habitat.1.4.0.682\package\items\master\sitecore\templates\Feature\Teasers\_TeasersParameters\{20748D57-4EF6-49A8-B7E6-13818795E3B5}\en\1\xml"
"_TeaserVideoContent",04075eb6-6d94-4bf2-9aeb-d29a89cdba00,en,1,"C:\Work\Epi\ContentMigration\Habitat.1.4.0.682\package\items\master\sitecore\templates\Feature\Teasers\_TeaserVideoContent\{04075EB6-6D94-4BF2-9AEB-D29A89CDBA00}\en\1\xml"
"_TextToken",327d6873-a384-435a-be87-7e869782b243,en,1,"C:\Work\Epi\ContentMigration\Habitat.1.4.0.682\package\items\master\sitecore\templates\Feature\Demo\_TextToken\{327D6873-A384-435A-BE87-7E869782B243}\en\1\xml"
"_Token",a7ebf38a-5f66-4579-92d1-568a8ba50293,en,1,"C:\Work\Epi\ContentMigration\Habitat.1.4.0.682\package\items\master\sitecore\templates\Feature\Demo\_Token\{A7EBF38A-5F66-4579-92D1-568A8BA50293}\en\1\xml"
"_TwitterFeed",89d988bc-a9a7-43f5-a9fd-a05b0b164720,en,1,"C:\Work\Epi\ContentMigration\Habitat.1.4.0.682\package\items\master\sitecore\templates\Feature\Social\_TwitterFeed\{89D988BC-A9A7-43F5-A9FD-A05B0B164720}\en\1\xml"
"_TwitterFeedRenderingProperties",9eee8077-990f-4fde-95fb-c7b9819df913,en,1,"C:\Work\Epi\ContentMigration\Habitat.1.4.0.682\package\items\master\sitecore\templates\Feature\Social\_TwitterFeedRenderingProperties\{9EEE8077-990F-4FDE-95FB-C7B9819DF913}\en\1\xml"
"Advanced",646f4b34-708c-41c2-9f4b-2661849777f3,en,1,"C:\Work\Epi\ContentMigration\Habitat.1.4.0.682\package\items\master\sitecore\templates\System\Templates\Sections\Advanced\{646F4B34-708C-41C2-9F4B-2661849777F3}\en\1\xml"
"Appearance",f5bc7ae4-f62d-47cd-9afb-2c9f85d8313b,en,1,"C:\Work\Epi\ContentMigration\Habitat.1.4.0.682\package\items\master\sitecore\templates\System\Templates\Sections\Appearance\{F5BC7AE4-F62D-47CD-9AFB-2C9F85D8313B}\en\1\xml"
"Article",94a8c8e9-690b-4e65-98e7-f95800222767,en,1,"C:\Work\Epi\ContentMigration\Habitat.1.4.0.682\package\items\master\sitecore\templates\Project\Habitat\Page Types\Article\{94A8C8E9-690B-4E65-98E7-F95800222767}\en\1\xml"
"Background Type",55a5bdad-eb69-40f5-8195-cda182e48ee4,en,1,"C:\Work\Epi\ContentMigration\Habitat.1.4.0.682\package\items\master\sitecore\templates\Feature\Media\Background Type\{55A5BDAD-EB69-40F5-8195-CDA182E48EE4}\en\1\xml"
"Background Type Folder",1fd75c49-f524-4c15-9f82-dcb2d4cf2fa9,en,1,"C:\Work\Epi\ContentMigration\Habitat.1.4.0.682\package\items\master\sitecore\templates\Feature\Media\Background Type Folder\{1FD75C49-F524-4C15-9F82-DCB2D4CF2FA9}\en\1\xml"
"Campaign Token",51b1726b-4290-4908-a2da-b169194ae80c,en,1,"C:\Work\Epi\ContentMigration\Habitat.1.4.0.682\package\items\master\sitecore\templates\Project\Common\Content Types\Demo Tokens\Campaign Token\{51B1726B-4290-4908-A2DA-B169194AE80C}\en\1\xml"
"Carousel",c18d3794-d126-4548-bfc8-89358de6e9c1,en,1,"C:\Work\Epi\ContentMigration\Habitat.1.4.0.682\package\items\master\sitecore\templates\Project\Common\Content Types\Media\Carousel\{C18D3794-D126-4548-BFC8-89358DE6E9C1}\en\1\xml"
"Controller rendering",2a3e91a0-7987-44b5-ab34-35c2d9de83b9,en,1,"C:\Work\Epi\ContentMigration\Habitat.1.4.0.682\package\items\master\sitecore\templates\System\Layout\Renderings\Controller rendering\{2A3E91A0-7987-44B5-AB34-35C2D9DE83B9}\en\1\xml"
"Datasource Configuration",c82dc5ff-09ef-4403-96d3-3caf377b8c5b,en,1,"C:\Work\Epi\ContentMigration\Habitat.1.4.0.682\package\items\master\sitecore\templates\Foundation\Multisite\Datasource Configuration\{C82DC5FF-09EF-4403-96D3-3CAF377B8C5B}\en\1\xml"
"Datasource Settings Folder",7a98be60-9f59-4064-82c2-58da63562fa5,en,1,"C:\Work\Epi\ContentMigration\Habitat.1.4.0.682\package\items\master\sitecore\templates\Foundation\Multisite\Datasource Settings Folder\{7A98BE60-9F59-4064-82C2-58DA63562FA5}\en\1\xml"
"Demo Page",49c651ba-4004-40a9-9b0f-e95d0573f3ae,en,1,"C:\Work\Epi\ContentMigration\Habitat.1.4.0.682\package\items\master\sitecore\templates\Project\Common\Page Types\Demo Page\{49C651BA-4004-40A9-9B0F-E95D0573F3AE}\en\1\xml"
"Demo Teaser",b4f6f114-e653-4a22-86c5-499e0bd99d9a,en,1,"C:\Work\Epi\ContentMigration\Habitat.1.4.0.682\package\items\master\sitecore\templates\Project\Common\Content Types\Demo Teaser\{B4F6F114-E653-4A22-86C5-499E0BD99D9A}\en\1\xml"
"DictionaryEntry",ec4dd3f2-590d-404b-9189-2a12679749cc,en,1,"C:\Work\Epi\ContentMigration\Habitat.1.4.0.682\package\items\master\sitecore\templates\Foundation\Dictionary\DictionaryEntry\{EC4DD3F2-590D-404B-9189-2A12679749CC}\en\1\xml"
"DictionaryFolder",98e4bdc6-9b43-4eb2-baa3-d4303c35852e,en,1,"C:\Work\Epi\ContentMigration\Habitat.1.4.0.682\package\items\master\sitecore\templates\Foundation\Dictionary\DictionaryFolder\{98E4BDC6-9B43-4EB2-BAA3-D4303C35852E}\en\1\xml"
"Dynamic Teaser",f5f30cdc-9003-4015-84ec-c3a7e3e50d5e,en,1,"C:\Work\Epi\ContentMigration\Habitat.1.4.0.682\package\items\master\sitecore\templates\Project\Common\Content Types\Teasers\Dynamic Teaser\{F5F30CDC-9003-4015-84EC-C3A7E3E50D5E}\en\1\xml"
"Edit Profile Page",867f774a-195e-49d3-8e40-01f18410bb02,en,1,"C:\Work\Epi\ContentMigration\Habitat.1.4.0.682\package\items\master\sitecore\templates\Project\Habitat\Page Types\Edit Profile Page\{867F774A-195E-49D3-8E40-01F18410BB02}\en\1\xml"
"Employee",9671e92a-4ad3-46df-aff1-1542fd3d5bd9,en,1,"C:\Work\Epi\ContentMigration\Habitat.1.4.0.682\package\items\master\sitecore\templates\Project\Common\Content Types\Employee\{9671E92A-4AD3-46DF-AFF1-1542FD3D5BD9}\en\1\xml"
"Employee",467c2144-4454-4518-b1de-e31b4cbbff33,en,1,"C:\Work\Epi\ContentMigration\Habitat.1.4.0.682\package\items\master\sitecore\templates\Project\Habitat\Page Types\Employee\{467C2144-4454-4518-B1DE-E31B4CBBFF33}\en\1\xml"
"Employee Folder",f94f28f6-5b19-42f2-9164-1e21023e03ee,en,1,"C:\Work\Epi\ContentMigration\Habitat.1.4.0.682\package\items\master\sitecore\templates\Project\Common\Content Types\Employee Folder\{F94F28F6-5B19-42F2-9164-1E21023E03EE}\en\1\xml"
"Employees folder",51e2ff7f-6fb3-4470-91c8-d2ad97bf1eae,en,1,"C:\Work\Epi\ContentMigration\Habitat.1.4.0.682\package\items\master\sitecore\templates\Project\Habitat\Page Types\Employees folder\{51E2FF7F-6FB3-4470-91C8-D2AD97BF1EAE}\en\1\xml"
"FAQ",bfdc1f27-3d2d-495f-89a3-0951f882420b,en,1,"C:\Work\Epi\ContentMigration\Habitat.1.4.0.682\package\items\master\sitecore\templates\Project\Common\Content Types\FAQ\{BFDC1F27-3D2D-495F-89A3-0951F882420B}\en\1\xml"
"FAQ Folder",41da2d61-d85a-40f1-be69-ddd18dd1bc93,en,1,"C:\Work\Epi\ContentMigration\Habitat.1.4.0.682\package\items\master\sitecore\templates\Project\Common\Content Types\FAQ Folder\{41DA2D61-D85A-40F1-BE69-DDD18DD1BC93}\en\1\xml"
"FAQ Group",ba1eb1bd-e705-4be6-a432-06b7f1b2f2cc,en,1,"C:\Work\Epi\ContentMigration\Habitat.1.4.0.682\package\items\master\sitecore\templates\Project\Common\Content Types\FAQ Group\{BA1EB1BD-E705-4BE6-A432-06B7F1B2F2CC}\en\1\xml"
"Forgot Password Page",8707a0b7-4a7d-44e4-abd6-a1ccb21049cf,en,1,"C:\Work\Epi\ContentMigration\Habitat.1.4.0.682\package\items\master\sitecore\templates\Project\Habitat\Page Types\Forgot Password Page\{8707A0B7-4A7D-44E4-ABD6-A1CCB21049CF}\en\1\xml"
"Global Folder",fd075cbc-572e-4d27-a09f-b780e8ff4741,en,1,"C:\Work\Epi\ContentMigration\Habitat.1.4.0.682\package\items\master\sitecore\templates\Project\Common\Content Types\Global Folder\{FD075CBC-572E-4D27-A09F-B780E8FF4741}\en\1\xml"
"Headline",061574e1-59dd-4b62-9680-1c84efbe6773,en,1,"C:\Work\Epi\ContentMigration\Habitat.1.4.0.682\package\items\master\sitecore\templates\Project\Common\Content Types\Teasers\Headline\{061574E1-59DD-4B62-9680-1C84EFBE6773}\en\1\xml"
"Help",18420296-d8fc-4d93-a79e-2a2b0367a92c,en,1,"C:\Work\Epi\ContentMigration\Habitat.1.4.0.682\package\items\master\sitecore\templates\System\Templates\Sections\Help\{18420296-D8FC-4D93-A79E-2A2B0367A92C}\en\1\xml"
"Home",4a8822cc-b418-4452-ab0f-8bb6df2f2114,en,1,"C:\Work\Epi\ContentMigration\Habitat.1.4.0.682\package\items\master\sitecore\templates\Project\Habitat\Page Types\Home\{4A8822CC-B418-4452-AB0F-8BB6DF2F2114}\en\1\xml"
"Icon",e90d00b6-0be9-48e0-9c3f-047274024270,en,1,"C:\Work\Epi\ContentMigration\Habitat.1.4.0.682\package\items\master\sitecore\templates\Feature\Teasers\Icon\{E90D00B6-0BE9-48E0-9C3F-047274024270}\en\1\xml"
"Image",f0369e1a-9030-4a05-a09c-ef09b664ed27,en,1,"C:\Work\Epi\ContentMigration\Habitat.1.4.0.682\package\items\master\sitecore\templates\Project\Common\Content Types\Media\Image\{F0369E1A-9030-4A05-A09C-EF09B664ED27}\en\1\xml"
"Indexing",38a2f441-db17-4039-90e2-6a32f7a81706,en,1,"C:\Work\Epi\ContentMigration\Habitat.1.4.0.682\package\items\master\sitecore\templates\System\Templates\Sections\Indexing\{38A2F441-DB17-4039-90E2-6A32F7A81706}\en\1\xml"
"Insert Options",823ecf5f-ae72-40b5-bc87-cb425fe7e5f6,en,1,"C:\Work\Epi\ContentMigration\Habitat.1.4.0.682\package\items\master\sitecore\templates\System\Templates\Sections\Insert Options\{823ECF5F-AE72-40B5-BC87-CB425FE7E5F6}\en\1\xml"
"Interest",4176bfc2-7814-4fa5-abcf-7fa0714bf05f,en,1,"C:\Work\Epi\ContentMigration\Habitat.1.4.0.682\package\items\master\sitecore\templates\Project\Common\Content Types\Interest\{4176BFC2-7814-4FA5-ABCF-7FA0714BF05F}\en\1\xml"
"Interests Folder",0db13819-7df3-4136-a4b9-0a22b1023ef7,en,1,"C:\Work\Epi\ContentMigration\Habitat.1.4.0.682\package\items\master\sitecore\templates\Project\Common\Content Types\Interests Folder\{0DB13819-7DF3-4136-A4B9-0A22B1023EF7}\en\1\xml"
"Item Buckets",af530c7b-8b87-458b-80ce-239d1e1b9e60,en,1,"C:\Work\Epi\ContentMigration\Habitat.1.4.0.682\package\items\master\sitecore\templates\System\Templates\Sections\Item Buckets\{AF530C7B-8B87-458B-80CE-239D1E1B9E60}\en\1\xml"
"Layout",4d30906d-0b49-4fa7-969d-bf90157357ea,en,1,"C:\Work\Epi\ContentMigration\Habitat.1.4.0.682\package\items\master\sitecore\templates\System\Templates\Sections\Layout\{4D30906D-0B49-4FA7-969D-BF90157357EA}\en\1\xml"
"Lifetime",6ef07334-7fba-4845-bf0a-cd5b2000c75a,en,1,"C:\Work\Epi\ContentMigration\Habitat.1.4.0.682\package\items\master\sitecore\templates\System\Templates\Sections\Lifetime\{6EF07334-7FBA-4845-BF0A-CD5B2000C75A}\en\1\xml"
"Link Menu",ac7394d5-2aa7-4fdb-a7d8-b1b87f9fa661,en,1,"C:\Work\Epi\ContentMigration\Habitat.1.4.0.682\package\items\master\sitecore\templates\Project\Common\Content Types\Link Menu\{AC7394D5-2AA7-4FDB-A7D8-B1B87F9FA661}\en\1\xml"
"Link Menu Item",390333c8-751b-4332-84a3-6360b969a19f,en,1,"C:\Work\Epi\ContentMigration\Habitat.1.4.0.682\package\items\master\sitecore\templates\Project\Common\Content Types\Link Menu Item\{390333C8-751B-4332-84A3-6360B969A19F}\en\1\xml"
"Link Token",7defaa26-ed9d-4495-b5f0-0a7620403842,en,1,"C:\Work\Epi\ContentMigration\Habitat.1.4.0.682\package\items\master\sitecore\templates\Project\Common\Content Types\Demo Tokens\Link Token\{7DEFAA26-ED9D-4495-B5F0-0A7620403842}\en\1\xml"
"Local Datasource Folder",fff5f245-ffc0-4022-a998-9b07aa5e761f,en,1,"C:\Work\Epi\ContentMigration\Habitat.1.4.0.682\package\items\master\sitecore\templates\Foundation\LocalDatasource\Local Datasource Folder\{FFF5F245-FFC0-4022-A998-9B07AA5E761F}\en\1\xml"
"Login Page",ecc4e901-9c5f-4043-b11e-cfa868d1bb73,en,1,"C:\Work\Epi\ContentMigration\Habitat.1.4.0.682\package\items\master\sitecore\templates\Project\Habitat\Page Types\Login Page\{ECC4E901-9C5F-4043-B11E-CFA868D1BB73}\en\1\xml"
"Login Teaser",6e686b1c-1675-4263-af03-dce07827afdd,en,1,"C:\Work\Epi\ContentMigration\Habitat.1.4.0.682\package\items\master\sitecore\templates\Project\Common\Content Types\Login Teaser\{6E686B1C-1675-4263-AF03-DCE07827AFDD}\en\1\xml"
"Map Page",ee9e5bdb-7d71-48f7-b461-42bf9c2052ec,en,1,"C:\Work\Epi\ContentMigration\Habitat.1.4.0.682\package\items\master\sitecore\templates\Project\Habitat\Page Types\Map Page\{EE9E5BDB-7D71-48F7-B461-42BF9C2052EC}\en\1\xml"
"Map Point",11c28d16-9b88-456e-a42b-d4b5a82867e3,en,1,"C:\Work\Epi\ContentMigration\Habitat.1.4.0.682\package\items\master\sitecore\templates\Project\Common\Content Types\Map Point\{11C28D16-9B88-456E-A42B-D4B5A82867E3}\en\1\xml"
"Map Points Folder",067ec866-b3fb-485b-bb49-6151fb086e78,en,1,"C:\Work\Epi\ContentMigration\Habitat.1.4.0.682\package\items\master\sitecore\templates\Project\Common\Content Types\Map Points Folder\{067EC866-B3FB-485B-BB49-6151FB086E78}\en\1\xml"
"Map Type",04c34cf5-b7ea-4408-88e8-5fc851173dbd,en,1,"C:\Work\Epi\ContentMigration\Habitat.1.4.0.682\package\items\master\sitecore\templates\Feature\Maps\Map Type\{04C34CF5-B7EA-4408-88E8-5FC851173DBD}\en\1\xml"
"Media Background",42a10c41-5186-4a1e-aa7e-54ea00199c3f,en,1,"C:\Work\Epi\ContentMigration\Habitat.1.4.0.682\package\items\master\sitecore\templates\Project\Common\Content Types\Media\Media Background\{42A10C41-5186-4A1E-AA7E-54EA00199C3F}\en\1\xml"
"Media Background Folder",82a6f39c-53e1-4eca-8c27-69937cff3b47,en,1,"C:\Work\Epi\ContentMigration\Habitat.1.4.0.682\package\items\master\sitecore\templates\Project\Common\Content Types\Media\Media Background Folder\{82A6F39C-53E1-4ECA-8C27-69937CFF3B47}\en\1\xml"
"Media Folder",920a1781-559f-4e1c-bb2e-6b9a2113fe6b,en,1,"C:\Work\Epi\ContentMigration\Habitat.1.4.0.682\package\items\master\sitecore\templates\Project\Common\Content Types\Media\Media Folder\{920A1781-559F-4E1C-BB2E-6B9A2113FE6B}\en\1\xml"
"MetaKeyword",18cdd4ce-cdbe-4bdc-9d5a-6249f7f0ec17,en,1,"C:\Work\Epi\ContentMigration\Habitat.1.4.0.682\package\items\master\sitecore\templates\Project\Common\Content Types\MetaKeyword\{18CDD4CE-CDBE-4BDC-9D5A-6249F7F0EC17}\en\1\xml"
"MetaKeyword Folder",cd047791-c29a-4596-aeee-db5e70421c1f,en,1,"C:\Work\Epi\ContentMigration\Habitat.1.4.0.682\package\items\master\sitecore\templates\Project\Common\Content Types\MetaKeyword Folder\{CD047791-C29A-4596-AEEE-DB5E70421C1F}\en\1\xml"
"Navigation Link",8ff3d369-a508-4d2f-84a5-9b6c6bf5e537,en,1,"C:\Work\Epi\ContentMigration\Habitat.1.4.0.682\package\items\master\sitecore\templates\Project\Common\Content Types\Navigation\Navigation Link\{8FF3D369-A508-4D2F-84A5-9B6C6BF5E537}\en\1\xml"
"News Article",b69277ad-e917-4b9f-9136-a12e0a3e462f,en,1,"C:\Work\Epi\ContentMigration\Habitat.1.4.0.682\package\items\master\sitecore\templates\Project\Habitat\Page Types\News Article\{B69277AD-E917-4B9F-9136-A12E0A3E462F}\en\1\xml"
"News List",a99866e5-08e7-44d8-8a52-f8e26bcd3714,en,1,"C:\Work\Epi\ContentMigration\Habitat.1.4.0.682\package\items\master\sitecore\templates\Project\Habitat\Page Types\News List\{A99866E5-08E7-44D8-8A52-F8E26BCD3714}\en\1\xml"
"ParametersTemplate_FixedHeight",329421cf-b99c-4e7a-af71-f7fa7dc42bf1,en,1,"C:\Work\Epi\ContentMigration\Habitat.1.4.0.682\package\items\master\sitecore\templates\Foundation\Theming\ParametersTemplate_FixedHeight\{329421CF-B99C-4E7A-AF71-F7FA7DC42BF1}\en\1\xml"
"ParametersTemplate_HasBackground",a2a233a1-6701-48a9-b5f8-efeab74b655f,en,1,"C:\Work\Epi\ContentMigration\Habitat.1.4.0.682\package\items\master\sitecore\templates\Foundation\Theming\ParametersTemplate_HasBackground\{A2A233A1-6701-48A9-B5F8-EFEAB74B655F}\en\1\xml"
"ParametersTemplate_HasContainer",29299e73-6841-44c1-a65f-0889011e2eec,en,1,"C:\Work\Epi\ContentMigration\Habitat.1.4.0.682\package\items\master\sitecore\templates\Foundation\Theming\ParametersTemplate_HasContainer\{29299E73-6841-44C1-A65F-0889011E2EEC}\en\1\xml"
"ParametersTemplate_HasContainerWithBackground",3ca3a190-897a-4ec9-8eb5-9de2c3636569,en,1,"C:\Work\Epi\ContentMigration\Habitat.1.4.0.682\package\items\master\sitecore\templates\Foundation\Theming\ParametersTemplate_HasContainerWithBackground\{3CA3A190-897A-4EC9-8EB5-9DE2C3636569}\en\1\xml"
"ParametersTemplate_HasContainerWithDynamicPlaceholder",4654d5f0-9b39-426a-992d-1d42e356fb0a,en,1,"C:\Work\Epi\ContentMigration\Habitat.1.4.0.682\package\items\master\sitecore\templates\Project\Common\Parameters\ParametersTemplate_HasContainerWithDynamicPlaceholder\{4654D5F0-9B39-426A-992D-1D42E356FB0A}\en\1\xml"
"ParametersTemplate_HasDynamicPlaceholder",8373e4e5-c79c-4123-9284-babd9601c565,en,1,"C:\Work\Epi\ContentMigration\Habitat.1.4.0.682\package\items\master\sitecore\templates\Foundation\SitecoreExtensions\ParametersTemplate_HasDynamicPlaceholder\{8373E4E5-C79C-4123-9284-BABD9601C565}\en\1\xml"
"ParametersTemplate_QueryableDatasourceRendering",4738312c-22b8-4e77-9b9c-86bcdcee6635,en,1,"C:\Work\Epi\ContentMigration\Habitat.1.4.0.682\package\items\master\sitecore\templates\Foundation\SitecoreExtensions\ParametersTemplate_QueryableDatasourceRendering\{4738312C-22B8-4E77-9B9C-86BCDCEE6635}\en\1\xml"
"ParametersTemplate_SectionBackground",b962a806-d708-4001-b0a3-3fa31f2263c5,en,1,"C:\Work\Epi\ContentMigration\Habitat.1.4.0.682\package\items\master\sitecore\templates\Feature\Media\ParametersTemplates\ParametersTemplate_SectionBackground\{B962A806-D708-4001-B0A3-3FA31F2263C5}\en\1\xml"
"Publishing",6495cf23-de9c-48b7-9d3c-05e2418b3cae,en,1,"C:\Work\Epi\ContentMigration\Habitat.1.4.0.682\package\items\master\sitecore\templates\System\Templates\Sections\Publishing\{6495CF23-DE9C-48B7-9D3C-05E2418B3CAE}\en\1\xml"
"Quote",40ad8a9b-c75c-428d-9e1a-51372b21f63e,en,1,"C:\Work\Epi\ContentMigration\Habitat.1.4.0.682\package\items\master\sitecore\templates\Project\Common\Content Types\Teasers\Quote\{40AD8A9B-C75C-428D-9E1A-51372B21F63E}\en\1\xml"
"Quote Folder",a8f1b162-041f-46bf-81eb-5213ae8bc579,en,1,"C:\Work\Epi\ContentMigration\Habitat.1.4.0.682\package\items\master\sitecore\templates\Project\Common\Content Types\Teasers\Quote Folder\{A8F1B162-041F-46BF-81EB-5213AE8BC579}\en\1\xml"
"Register Page",6ef8f8a0-c567-495b-9e00-8775a268a486,en,1,"C:\Work\Epi\ContentMigration\Habitat.1.4.0.682\package\items\master\sitecore\templates\Project\Habitat\Page Types\Register Page\{6EF8F8A0-C567-495B-9E00-8775A268A486}\en\1\xml"
"Registration Folder",689ba377-e538-49ed-9dfc-4dcc398ab9ac,en,1,"C:\Work\Epi\ContentMigration\Habitat.1.4.0.682\package\items\master\sitecore\templates\Project\Common\Content Types\Registration Folder\{689BA377-E538-49ED-9DFC-4DCC398AB9AC}\en\1\xml"
"Search Results",92168572-385b-45f0-b40f-3d987ad20e5c,en,1,"C:\Work\Epi\ContentMigration\Habitat.1.4.0.682\package\items\master\sitecore\templates\Project\Habitat\Page Types\Search Results\{92168572-385B-45F0-B40F-3D987AD20E5C}\en\1\xml"
"Section",8ee208f9-a6a6-41e2-88a0-c188737a178c,en,1,"C:\Work\Epi\ContentMigration\Habitat.1.4.0.682\package\items\master\sitecore\templates\Project\Habitat\Page Types\Section\{8EE208F9-A6A6-41E2-88A0-C188737A178C}\en\1\xml"
"Security",ab811af4-393c-4a46-acd7-81d30917e7f4,en,1,"C:\Work\Epi\ContentMigration\Habitat.1.4.0.682\package\items\master\sitecore\templates\System\Templates\Sections\Security\{AB811AF4-393C-4A46-ACD7-81D30917E7F4}\en\1\xml"
"Service Email",6db3ba22-5715-4529-a527-35b3af083ae4,en,1,"C:\Work\Epi\ContentMigration\Habitat.1.4.0.682\package\items\master\sitecore\templates\Project\Common\Content Types\Service Email\{6DB3BA22-5715-4529-A527-35B3AF083AE4}\en\1\xml"
"Site Root",0643d9d4-f30b-4b07-91d0-289cc324c9cf,en,1,"C:\Work\Epi\ContentMigration\Habitat.1.4.0.682\package\items\master\sitecore\templates\Project\Habitat\Content Types\Site Root\{0643D9D4-F30B-4B07-91D0-289CC324C9CF}\en\1\xml"
"Site Settings Root",4c82b6dd-fe7c-4144-bcb3-f21b4080568f,en,1,"C:\Work\Epi\ContentMigration\Habitat.1.4.0.682\package\items\master\sitecore\templates\Foundation\Multisite\Site Settings Root\{4C82B6DD-FE7C-4144-BCB3-F21B4080568F}\en\1\xml"
"Social Feeds Folder",4de2d9d9-0781-47ad-8f5d-52f2ad920d83,en,1,"C:\Work\Epi\ContentMigration\Habitat.1.4.0.682\package\items\master\sitecore\templates\Project\Common\Content Types\Social\Social Feeds Folder\{4DE2D9D9-0781-47AD-8F5D-52F2AD920D83}\en\1\xml"
"Standard template",1930bbeb-7805-471a-a3be-4858ac7cf696,en,1,"C:\Work\Epi\ContentMigration\Habitat.1.4.0.682\package\items\master\sitecore\templates\System\Templates\Standard template\{1930BBEB-7805-471A-A3BE-4858AC7CF696}\en\1\xml"
"Statistics",1597272c-c823-4aac-86f8-ca9cc4d573b5,en,1,"C:\Work\Epi\ContentMigration\Habitat.1.4.0.682\package\items\master\sitecore\templates\System\Templates\Sections\Statistics\{1597272C-C823-4AAC-86F8-CA9CC4D573B5}\en\1\xml"
"Style",c2ac5c42-a05c-4f51-854e-730c9bca06d1,en,1,"C:\Work\Epi\ContentMigration\Habitat.1.4.0.682\package\items\master\sitecore\templates\Foundation\Theming\Style\{C2AC5C42-A05C-4F51-854E-730C9BCA06D1}\en\1\xml"
"Tagging",0aa6d3f8-c9d0-401f-83aa-a41433c24767,en,1,"C:\Work\Epi\ContentMigration\Habitat.1.4.0.682\package\items\master\sitecore\templates\System\Templates\Sections\Tagging\{0AA6D3F8-C9D0-401F-83AA-A41433C24767}\en\1\xml"
"Tasks",93f3a8fa-9e5a-4848-a5ad-42aad11a4871,en,1,"C:\Work\Epi\ContentMigration\Habitat.1.4.0.682\package\items\master\sitecore\templates\System\Templates\Sections\Tasks\{93F3A8FA-9E5A-4848-A5AD-42AAD11A4871}\en\1\xml"
"Teaser",c7d9d293-4ef8-4380-8e10-c4632e729f39,en,1,"C:\Work\Epi\ContentMigration\Habitat.1.4.0.682\package\items\master\sitecore\templates\Project\Common\Content Types\Teasers\Teaser\{C7D9D293-4EF8-4380-8E10-C4632E729F39}\en\1\xml"
"Teaser Folder",29d4b405-39eb-487d-9d6b-3f8467ab167d,en,1,"C:\Work\Epi\ContentMigration\Habitat.1.4.0.682\package\items\master\sitecore\templates\Project\Common\Content Types\Teasers\Teaser Folder\{29D4B405-39EB-487D-9D6B-3F8467AB167D}\en\1\xml"
"Template",ab86861a-6030-46c5-b394-e8f99e8b87db,en,1,"C:\Work\Epi\ContentMigration\Habitat.1.4.0.682\package\items\master\sitecore\templates\System\Templates\Template\{AB86861A-6030-46C5-B394-E8F99E8B87DB}\en\1\xml"
"Template field",455a3e98-a627-4b40-8035-e683a0331ac7,en,1,"C:\Work\Epi\ContentMigration\Habitat.1.4.0.682\package\items\master\sitecore\templates\System\Templates\Template field\{455A3E98-A627-4B40-8035-E683A0331AC7}\en\1\xml"
"Template field type",f8a17d6a-118e-4cd7-b5f5-88ff37a4f237,en,1,"C:\Work\Epi\ContentMigration\Habitat.1.4.0.682\package\items\master\sitecore\templates\System\Templates\Template field type\{F8A17D6A-118E-4CD7-B5F5-88FF37A4F237}\en\1\xml"
"Template Folder",0437fee2-44c9-46a6-abe9-28858d9fee8c,en,1,"C:\Work\Epi\ContentMigration\Habitat.1.4.0.682\package\items\master\sitecore\templates\System\Templates\Template Folder\{0437FEE2-44C9-46A6-ABE9-28858D9FEE8C}\en\1\xml"
"Template section",e269fbb5-3750-427a-9149-7aa950b49301,en,1,"C:\Work\Epi\ContentMigration\Habitat.1.4.0.682\package\items\master\sitecore\templates\System\Templates\Template section\{E269FBB5-3750-427A-9149-7AA950B49301}\en\1\xml"
"Text Token",3f3cae5e-63d2-4f75-95d9-23eb01827aa9,en,1,"C:\Work\Epi\ContentMigration\Habitat.1.4.0.682\package\items\master\sitecore\templates\Project\Common\Content Types\Demo Tokens\Text Token\{3F3CAE5E-63D2-4F75-95D9-23EB01827AA9}\en\1\xml"
"Theme",1c87ea50-cc18-48cc-86de-592e274d0c4f,en,1,"C:\Work\Epi\ContentMigration\Habitat.1.4.0.682\package\items\master\sitecore\templates\Foundation\Assets\Theme\{1C87EA50-CC18-48CC-86DE-592E274D0C4F}\en\1\xml"
"Theme Folder",10059264-cd0b-47b9-8350-a31a90815921,en,1,"C:\Work\Epi\ContentMigration\Habitat.1.4.0.682\package\items\master\sitecore\templates\Foundation\Assets\Theme Folder\{10059264-CD0B-47B9-8350-A31A90815921}\en\1\xml"
"Twitter Feed",773a96f7-2752-4da2-a2f5-6119a21a24f3,en,1,"C:\Work\Epi\ContentMigration\Habitat.1.4.0.682\package\items\master\sitecore\templates\Project\Common\Content Types\Social\Twitter Feed\{773A96F7-2752-4DA2-A2F5-6119A21A24F3}\en\1\xml"
"Validators",2491819e-0c61-4f5a-903c-e10fcd9d302a,en,1,"C:\Work\Epi\ContentMigration\Habitat.1.4.0.682\package\items\master\sitecore\templates\System\Templates\Sections\Validators\{2491819E-0C61-4F5A-903C-E10FCD9D302A}\en\1\xml"
"Video",f1c095e2-b3e0-46d0-b838-02a9e8b880d9,en,1,"C:\Work\Epi\ContentMigration\Habitat.1.4.0.682\package\items\master\sitecore\templates\Project\Common\Content Types\Media\Video\{F1C095E2-B3E0-46D0-B838-02A9E8B880D9}\en\1\xml"
"Video Teaser",ddbbf170-cfbd-439f-958c-a090bdf66d94,en,1,"C:\Work\Epi\ContentMigration\Habitat.1.4.0.682\package\items\master\sitecore\templates\Project\Common\Content Types\Teasers\Video Teaser\{DDBBF170-CFBD-439F-958C-A090BDF66D94}\en\1\xml"
"View rendering",99f8905d-4a87-4eb8-9f8b-a9bebfb3add6,en,1,"C:\Work\Epi\ContentMigration\Habitat.1.4.0.682\package\items\master\sitecore\templates\System\Layout\Renderings\View rendering\{99F8905D-4A87-4EB8-9F8B-A9BEBFB3ADD6}\en\1\xml"
"Workflow",06f366e6-a7e6-470b-9ec9-cd29a4f6c8e8,en,1,"C:\Work\Epi\ContentMigration\Habitat.1.4.0.682\package\items\master\sitecore\templates\System\Templates\Sections\Workflow\{06F366E6-A7E6-470B-9EC9-CD29A4F6C8E8}\en\1\xml"
